BEGIN TRANSACTION;
CREATE TABLE "aoi" (
        `name`  TEXT NOT NULL,
        `task`  INTEGER NOT NULL,
        `dynamic`       INTEGER,
        `polygon`       BLOB,
        PRIMARY KEY(`name`,`task`)
);
INSERT INTO "aoi" VALUES('ref_106',3,NULL,'[(549.36669921875, 262.3999938964844), (549.36669921875, 282.3999938964844), (274.58331298828125, 282.3999938964844), (274.58331298828125, 411.3999938964844), (607.36669921875, 410.98333740234375), (607.36669921875, 390.98333740234375), (694.5833129882812, 390.98333740234375), (694.5833129882812, 262.3999938964844)]');
INSERT INTO "aoi" VALUES('ref_101',3,NULL,'[(477.6166687011719, 442.41668701171875), (477.6166687011719, 462.41668701171875), (274.58331298828125, 462.41668701171875), (274.58331298828125, 539.4166870117188), (498, 539.566650390625), (498, 519.566650390625), (694.5833129882812, 519.566650390625), (694.5833129882812, 442.41668701171875)]');
INSERT INTO "aoi" VALUES('ref_100',3,NULL,'[(498, 519.566650390625), (498, 539.566650390625), (274.58331298828125, 539.566650390625), (274.58331298828125, 590.566650390625), (538.61669921875, 591), (538.61669921875, 571), (694.5833129882812, 571), (694.5833129882812, 519.566650390625)]');
INSERT INTO "aoi" VALUES('ref_105',3,NULL,'[(538.61669921875, 571), (538.61669921875, 591), (274.58331298828125, 591), (274.58331298828125, 720), (517.3666687011719, 719.5833129882812), (517.3666687011719, 699.5833129882812), (694.5833129882812, 699.5833129882812), (694.5833129882812, 571)]');
INSERT INTO "aoi" VALUES('ref_102',3,NULL,'[(517.36669921875, 699.5833129882812), (517.36669921875, 719.5833129882812), (274.58331298828125, 719.5833129882812), (274.58331298828125, 822.5833129882812), (506.6000061035156, 822.4500122070312), (506.6000061035156, 802.4500122070312), (694.5833129882812, 802.4500122070312), (694.5833129882812, 699.5833129882812)]');
INSERT INTO "aoi" VALUES('ref_104',3,NULL,'[(506.6000061035156, 802.4500122070312), (506.6000061035156, 822.4500122070312), (274.58331298828125, 822.4500122070312), (274.58331298828125, 899.4500122070312), (540.8333129882812, 899.5999755859375), (540.8333129882812, 879.5999755859375), (694.5833129882812, 879.5999755859375), (694.5833129882812, 802.4500122070312)]');
INSERT INTO "aoi" VALUES('ref_100',5,NULL,'[(274.58331298828125, 339.54998779296875), (274.58331298828125, 359.54998779296875), (274.58331298828125, 359.54998779296875), (274.58331298828125, 462.54998779296875), (547.1500244140625, 462.41668701171875), (547.1500244140625, 442.41668701171875), (694.5833129882812, 442.41668701171875), (694.5833129882812, 339.54998779296875)]');
INSERT INTO "aoi" VALUES('ref_101',5,NULL,'[(547.1500244140625, 442.41668701171875), (547.1500244140625, 462.41668701171875), (274.58331298828125, 462.41668701171875), (274.58331298828125, 539.4166870117188), (398.25, 539.566650390625), (398.25, 519.566650390625), (694.5833129882812, 519.566650390625), (694.5833129882812, 442.41668701171875)]');
INSERT INTO "aoi" VALUES('ref_103',5,NULL,'[(398.25, 519.566650390625), (398.25, 539.566650390625), (274.58331298828125, 539.566650390625), (274.58331298828125, 616.566650390625), (541.9666748046875, 616.7166748046875), (541.9666748046875, 596.7166748046875), (694.5833129882812, 596.7166748046875), (694.5833129882812, 519.566650390625)]');
INSERT INTO "aoi" VALUES('ref_104',5,NULL,'[(541.9666748046875, 596.7166748046875), (541.9666748046875, 616.7166748046875), (274.58331298828125, 616.7166748046875), (274.58331298828125, 667.7166748046875), (694.5833129882812, 668.1500244140625), (694.5833129882812, 648.1500244140625), (694.5833129882812, 648.1500244140625), (694.5833129882812, 596.7166748046875)]');
INSERT INTO "aoi" VALUES('ref_109',5,NULL,'[(274.58331298828125, 673.86669921875), (274.58331298828125, 693.86669921875), (274.58331298828125, 693.86669921875), (274.58331298828125, 770.86669921875), (694.5833129882812, 771.0166625976562), (694.5833129882812, 751.0166625976562), (694.5833129882812, 751.0166625976562), (694.5833129882812, 673.86669921875)]');
INSERT INTO "aoi" VALUES('ref_106',5,NULL,'[(274.58331298828125, 776.7333374023438), (274.58331298828125, 796.7333374023438), (274.58331298828125, 796.7333374023438), (274.58331298828125, 847.7333374023438), (604.3333129882812, 848.1666870117188), (604.3333129882812, 828.1666870117188), (694.5833129882812, 828.1666870117188), (694.5833129882812, 776.7333374023438)]');
INSERT INTO "aoi" VALUES('ref_110',5,NULL,'[(604.3333129882812, 828.1666870117188), (604.3333129882812, 848.1666870117188), (274.58331298828125, 848.1666870117188), (274.58331298828125, 951.1666870117188), (373.70001220703125, 951.0333251953125), (373.70001220703125, 931.0333251953125), (694.5833129882812, 931.0333251953125), (694.5833129882812, 828.1666870117188)]');
INSERT INTO "aoi" VALUES('ref_100',28,NULL,'[(603.1500244140625, 205.88333129882812), (603.1500244140625, 225.88333129882812), (274.58331298828125, 225.88333129882812), (274.58331298828125, 302.8833312988281), (363.316650390625, 303.0333251953125), (363.316650390625, 283.0333251953125), (694.5833129882812, 283.0333251953125), (694.5833129882812, 205.88333129882812)]');
INSERT INTO "aoi" VALUES('ref_101',28,NULL,'[(363.316650390625, 283.0333251953125), (363.316650390625, 303.0333251953125), (274.58331298828125, 303.0333251953125), (274.58331298828125, 329.0333251953125), (694.5833129882812, 328.75), (694.5833129882812, 308.75), (694.5833129882812, 308.75), (694.5833129882812, 283.0333251953125)]');
INSERT INTO "aoi" VALUES('ref_102',28,NULL,'[(274.58331298828125, 334.4666748046875), (274.58331298828125, 354.4666748046875), (274.58331298828125, 354.4666748046875), (274.58331298828125, 380.4666748046875), (654.5499725341797, 380.183349609375), (654.5499725341797, 360.183349609375), (694.5833129882812, 360.183349609375), (694.5833129882812, 334.4666748046875)]');
INSERT INTO "aoi" VALUES('ref_104',28,NULL,'[(654.5499877929688, 360.183349609375), (654.5499877929688, 380.183349609375), (274.58331298828125, 380.183349609375), (274.58331298828125, 431.183349609375), (497.56666564941406, 431.6166687011719), (497.56666564941406, 411.6166687011719), (694.5833129882812, 411.6166687011719), (694.5833129882812, 360.183349609375)]');
INSERT INTO "aoi" VALUES('ref_103',28,NULL,'[(497.566650390625, 411.6166687011719), (497.566650390625, 431.6166687011719), (274.58331298828125, 431.6166687011719), (274.58331298828125, 482.6166687011719), (560.86669921875, 483.04998779296875), (560.86669921875, 463.04998779296875), (694.5833129882812, 463.04998779296875), (694.5833129882812, 411.6166687011719)]');
INSERT INTO "aoi" VALUES('ref_102',30,NULL,'[(274.58331298828125, 231.60000610351562), (274.58331298828125, 251.60000610351562), (274.58331298828125, 251.60000610351562), (274.58331298828125, 302.6000061035156), (443.2833251953125, 303.0333251953125), (443.2833251953125, 283.0333251953125), (694.5833129882812, 283.0333251953125), (694.5833129882812, 231.60000610351562)]');
INSERT INTO "aoi" VALUES('ref_101',30,NULL,'[(443.2833251953125, 283.0333251953125), (443.2833251953125, 303.0333251953125), (274.58331298828125, 303.0333251953125), (274.58331298828125, 354.0333251953125), (629.8333129882812, 354.4666748046875), (629.8333129882812, 334.4666748046875), (694.5833129882812, 334.4666748046875), (694.5833129882812, 283.0333251953125)]');
INSERT INTO "aoi" VALUES('ref_103',27,NULL,'[(532.4666748046875, 257.316650390625), (532.4666748046875, 277.316650390625), (274.58331298828125, 277.316650390625), (274.58331298828125, 431.316650390625), (584.0333251953125, 431.6166687011719), (584.0333251953125, 411.6166687011719), (694.5833129882812, 411.6166687011719), (694.5833129882812, 257.316650390625)]');
INSERT INTO "aoi" VALUES('ref_102',27,NULL,'[(584.0333251953125, 411.6166687011719), (584.0333251953125, 431.6166687011719), (274.58331298828125, 431.6166687011719), (274.58331298828125, 482.6166687011719), (561.5, 483.04998779296875), (561.5, 463.04998779296875), (694.5833129882812, 463.04998779296875), (694.5833129882812, 411.6166687011719)]');
INSERT INTO "aoi" VALUES('ref_104',27,NULL,'[(561.5, 463.04998779296875), (561.5, 483.04998779296875), (274.58331298828125, 483.04998779296875), (274.58331298828125, 560.0499877929688), (400.66668701171875, 560.2000122070312), (400.66668701171875, 540.2000122070312), (694.5833129882812, 540.2000122070312), (694.5833129882812, 463.04998779296875)]');
INSERT INTO "aoi" VALUES('ref_101',60,NULL,'[(274.58331298828125, 210.96665954589844), (274.58331298828125, 230.96665954589844), (274.58331298828125, 230.96665954589844), (274.58331298828125, 307.96665954589844), (694.5833129882812, 308.1166687011719), (694.5833129882812, 288.1166687011719), (694.5833129882812, 288.1166687011719), (694.5833129882812, 210.96665954589844)]');
INSERT INTO "aoi" VALUES('ref_100',60,NULL,'[(370.316650390625, 313.83331298828125), (370.316650390625, 333.83331298828125), (274.58331298828125, 333.83331298828125), (274.58331298828125, 384.83331298828125), (522.816650390625, 385.26666259765625), (522.816650390625, 365.26666259765625), (694.5833129882812, 365.26666259765625), (694.5833129882812, 313.83331298828125)]');
INSERT INTO "aoi" VALUES('ref_100',74,NULL,'[(274.58331298828125, 365.26666259765625), (274.58331298828125, 385.26666259765625), (274.58331298828125, 385.26666259765625), (274.58331298828125, 436.26666259765625), (573.816650390625, 436.70001220703125), (573.816650390625, 416.70001220703125), (694.5833129882812, 416.70001220703125), (694.5833129882812, 365.26666259765625)]');
INSERT INTO "aoi" VALUES('ref_101',11,NULL,'[(274.58331298828125, 241.76666259765625), (274.58331298828125, 261.76666259765625), (274.58331298828125, 261.76666259765625), (274.58331298828125, 364.76666259765625), (694.5833129882812, 364.6333312988281), (694.5833129882812, 344.6333312988281), (694.5833129882812, 344.6333312988281), (694.5833129882812, 241.76666259765625)]');
INSERT INTO "aoi" VALUES('ref_100',20,NULL,'[(464.066650390625, 205.88333129882812), (464.066650390625, 225.88333129882812), (274.58331298828125, 225.88333129882812), (274.58331298828125, 302.8833312988281), (610.8499755859375, 303.0333251953125), (610.8499755859375, 283.0333251953125), (694.5833129882812, 283.0333251953125), (694.5833129882812, 205.88333129882812)]');
INSERT INTO "aoi" VALUES('ref_101',20,NULL,'[(610.8499755859375, 283.0333251953125), (610.8499755859375, 303.0333251953125), (274.58331298828125, 303.0333251953125), (274.58331298828125, 380.0333251953125), (658.9000244140625, 380.183349609375), (658.9000244140625, 360.183349609375), (694.5833129882812, 360.183349609375), (694.5833129882812, 283.0333251953125)]');
INSERT INTO "aoi" VALUES('ref_101',18,NULL,'[(597.5999755859375, 360.183349609375), (597.5999755859375, 380.183349609375), (274.58331298828125, 380.183349609375), (274.58331298828125, 431.183349609375), (339.6333312988281, 431.6166687011719), (339.6333312988281, 411.6166687011719), (694.5833129882812, 411.6166687011719), (694.5833129882812, 360.183349609375)]');
INSERT INTO "aoi" VALUES('ref_100',18,NULL,'[(339.6333312988281, 411.6166687011719), (339.6333312988281, 431.6166687011719), (274.58331298828125, 431.6166687011719), (274.58331298828125, 508.6166687011719), (519.183349609375, 508.76666259765625), (519.183349609375, 488.76666259765625), (694.5833129882812, 488.76666259765625), (694.5833129882812, 411.6166687011719)]');
INSERT INTO "aoi" VALUES('ref_102',18,NULL,'[(519.183349609375, 488.76666259765625), (519.183349609375, 508.76666259765625), (274.58331298828125, 508.76666259765625), (274.58331298828125, 559.7666625976562), (694.5833129882812, 560.2000122070312), (694.5833129882812, 540.2000122070312), (694.5833129882812, 540.2000122070312), (694.5833129882812, 488.76666259765625)]');
INSERT INTO "aoi" VALUES('ref_103',18,NULL,'[(589.9166870117188, 617.3499755859375), (589.9166870117188, 637.3499755859375), (274.58331298828125, 637.3499755859375), (274.58331298828125, 740.3499755859375), (631.7999877929688, 740.2166748046875), (631.7999877929688, 720.2166748046875), (694.5833129882812, 720.2166748046875), (694.5833129882812, 617.3499755859375)]');
INSERT INTO "aoi" VALUES('ref_101',9,NULL,'[(428.2833251953125, 313.83331298828125), (428.2833251953125, 333.83331298828125), (274.58331298828125, 333.83331298828125), (274.58331298828125, 436.83331298828125), (454.066650390625, 436.70001220703125), (454.066650390625, 416.70001220703125), (694.5833129882812, 416.70001220703125), (694.5833129882812, 313.83331298828125)]');
INSERT INTO "aoi" VALUES('ref_100',9,NULL,'[(454.066650390625, 416.70001220703125), (454.066650390625, 436.70001220703125), (274.58331298828125, 436.70001220703125), (274.58331298828125, 539.7000122070312), (588.88330078125, 539.566650390625), (588.88330078125, 519.566650390625), (694.5833129882812, 519.566650390625), (694.5833129882812, 416.70001220703125)]');
INSERT INTO "aoi" VALUES('ref_101',66,NULL,'[(466.683349609375, 360.183349609375), (466.683349609375, 380.183349609375), (274.58331298828125, 380.183349609375), (274.58331298828125, 457.183349609375), (663.13330078125, 457.33331298828125), (663.13330078125, 437.33331298828125), (694.5833129882812, 437.33331298828125), (694.5833129882812, 360.183349609375)]');
INSERT INTO "aoi" VALUES('ref_100',66,NULL,'[(663.13330078125, 437.33331298828125), (663.13330078125, 457.33331298828125), (274.58331298828125, 457.33331298828125), (274.58331298828125, 508.33331298828125), (484.816650390625, 508.76666259765625), (484.816650390625, 488.76666259765625), (694.5833129882812, 488.76666259765625), (694.5833129882812, 437.33331298828125)]');
INSERT INTO "aoi" VALUES('ref_100',72,NULL,'[(274.58331298828125, 257.316650390625), (274.58331298828125, 277.316650390625), (274.58331298828125, 277.316650390625), (274.58331298828125, 303.316650390625), (572.7166748046875, 303.0333251953125), (572.7166748046875, 283.0333251953125), (694.5833129882812, 283.0333251953125), (694.5833129882812, 257.316650390625)]');
INSERT INTO "aoi" VALUES('ref_102',72,NULL,'[(572.7166748046875, 283.0333251953125), (572.7166748046875, 303.0333251953125), (274.58331298828125, 303.0333251953125), (274.58331298828125, 380.0333251953125), (322.6166687011719, 380.183349609375), (322.6166687011719, 360.183349609375), (694.5833129882812, 360.183349609375), (694.5833129882812, 283.0333251953125)]');
INSERT INTO "aoi" VALUES('ref_101',72,NULL,'[(322.6166687011719, 360.183349609375), (322.6166687011719, 380.183349609375), (274.58331298828125, 380.183349609375), (274.58331298828125, 431.183349609375), (481.73333740234375, 431.6166687011719), (481.73333740234375, 411.6166687011719), (694.5833129882812, 411.6166687011719), (694.5833129882812, 360.183349609375)]');
INSERT INTO "aoi" VALUES('ref_101',76,NULL,'[(345.66668701171875, 288.1166687011719), (345.66668701171875, 308.1166687011719), (274.58331298828125, 308.1166687011719), (274.58331298828125, 334.1166687011719), (391.91668701171875, 333.83331298828125), (391.91668701171875, 313.83331298828125), (694.5833129882812, 313.83331298828125), (694.5833129882812, 288.1166687011719)]');
INSERT INTO "aoi" VALUES('ref_100',76,NULL,'[(596.9666748046875, 365.26666259765625), (596.9666748046875, 385.26666259765625), (274.58331298828125, 385.26666259765625), (274.58331298828125, 436.26666259765625), (644.9166870117188, 436.70001220703125), (644.9166870117188, 416.70001220703125), (694.5833129882812, 416.70001220703125), (694.5833129882812, 365.26666259765625)]');
INSERT INTO "aoi" VALUES('ref_102',62,NULL,'[(274.58331298828125, 210.96665954589844), (274.58331298828125, 230.96665954589844), (274.58331298828125, 230.96665954589844), (274.58331298828125, 333.96665954589844), (464.29998779296875, 333.83331298828125), (464.29998779296875, 313.83331298828125), (694.5833129882812, 313.83331298828125), (694.5833129882812, 210.96665954589844)]');
INSERT INTO "aoi" VALUES('ref_100',62,NULL,'[(464.29998779296875, 313.83331298828125), (464.29998779296875, 333.83331298828125), (274.58331298828125, 333.83331298828125), (274.58331298828125, 384.83331298828125), (345.6499938964844, 385.26666259765625), (345.6499938964844, 365.26666259765625), (694.5833129882812, 365.26666259765625), (694.5833129882812, 313.83331298828125)]');
INSERT INTO "aoi" VALUES('ref_101',62,NULL,'[(345.6499938964844, 365.26666259765625), (345.6499938964844, 385.26666259765625), (274.58331298828125, 385.26666259765625), (274.58331298828125, 411.26666259765625), (694.5833129882812, 410.98333740234375), (694.5833129882812, 390.98333740234375), (694.5833129882812, 390.98333740234375), (694.5833129882812, 365.26666259765625)]');
CREATE TABLE intervention_state ( `intervention` TEXT, `active` INTEGER, time_stamp INTEGER, occurences INTEGER);
CREATE TABLE rule_state ( `rule` TEXT, time_stamp INTEGER, active INTEGER, occurences INTEGER);
CREATE TABLE "user_state" (
	`event_name`	TEXT NOT NULL,
	`type`	TEXT,
	`aoi`	TEXT,
	`feature`	TEXT,
	PRIMARY KEY(`event_name`)
);
INSERT INTO "user_state" VALUES('ref_100_fix','fix','ref_100','');
INSERT INTO "user_state" VALUES('ref_101_fix','fix','ref_101','');
INSERT INTO "user_state" VALUES('ref_102_fix','fix','ref_102','');
INSERT INTO "user_state" VALUES('ref_103_fix','fix','ref_103','');
INSERT INTO "user_state" VALUES('ref_104_fix','fix','ref_104','');
INSERT INTO "user_state" VALUES('ref_105_fix','fix','ref_105','');
INSERT INTO "user_state" VALUES('ref_106_fix','fix','ref_106','');
INSERT INTO "user_state" VALUES('ref_107_fix','fix','ref_107','');
INSERT INTO "user_state" VALUES('ref_108_fix','fix','ref_108','');
INSERT INTO "user_state" VALUES('ref_109_fix','fix','ref_109','');
INSERT INTO "user_state" VALUES('ref_110_fix','fix','ref_110',NULL);
CREATE TABLE "user_state_task" (
        `event_name`    TEXT,
        `task`  INTEGER,
        PRIMARY KEY(`event_name`,`task`)
);
INSERT INTO "user_state_task" VALUES('ref_102_fix',3);
INSERT INTO "user_state_task" VALUES('ref_101_fix',3);
INSERT INTO "user_state_task" VALUES('ref_100_fix',3);
INSERT INTO "user_state_task" VALUES('ref_100_fix',5);
INSERT INTO "user_state_task" VALUES('ref_101_fix',5);
INSERT INTO "user_state_task" VALUES('ref_103_fix',5);
INSERT INTO "user_state_task" VALUES('ref_100_fix',9);
INSERT INTO "user_state_task" VALUES('ref_101_fix',9);
INSERT INTO "user_state_task" VALUES('ref_100_fix',11);
INSERT INTO "user_state_task" VALUES('ref_101_fix',11);
INSERT INTO "user_state_task" VALUES('ref_104_fix',3);
INSERT INTO "user_state_task" VALUES('ref_105_fix',3);
INSERT INTO "user_state_task" VALUES('ref_104_fix',5);
INSERT INTO "user_state_task" VALUES('ref_106_fix',5);
INSERT INTO "user_state_task" VALUES('ref_109_fix',5);
INSERT INTO "user_state_task" VALUES('ref_110_fix',5);
INSERT INTO "user_state_task" VALUES('ref_100_fix',18);
INSERT INTO "user_state_task" VALUES('ref_101_fix',18);
INSERT INTO "user_state_task" VALUES('ref_102_fix',18);
INSERT INTO "user_state_task" VALUES('ref_103_fix',18);
INSERT INTO "user_state_task" VALUES('ref_100_fix',20);
INSERT INTO "user_state_task" VALUES('ref_101_fix',20);
INSERT INTO "user_state_task" VALUES('ref_102_fix',27);
INSERT INTO "user_state_task" VALUES('ref_103_fix',27);
INSERT INTO "user_state_task" VALUES('ref_104_fix',27);
INSERT INTO "user_state_task" VALUES('ref_100_fix',28);
INSERT INTO "user_state_task" VALUES('ref_101_fix',28);
INSERT INTO "user_state_task" VALUES('ref_103_fix',28);
INSERT INTO "user_state_task" VALUES('ref_104_fix',28);
INSERT INTO "user_state_task" VALUES('ref_102_fix',30);
INSERT INTO "user_state_task" VALUES('ref_100_fix',60);
INSERT INTO "user_state_task" VALUES('ref_101_fix',60);
INSERT INTO "user_state_task" VALUES('ref_100_fix',62);
INSERT INTO "user_state_task" VALUES('ref_101_fix',62);
INSERT INTO "user_state_task" VALUES('ref_102_fix',62);
INSERT INTO "user_state_task" VALUES('ref_100_fix',66);
INSERT INTO "user_state_task" VALUES('ref_101_fix',66);
INSERT INTO "user_state_task" VALUES('ref_100_fix',72);
INSERT INTO "user_state_task" VALUES('ref_102_fix',72);
INSERT INTO "user_state_task" VALUES('ref_101_fix',74);
INSERT INTO "user_state_task" VALUES('ref_100_fix',76);
INSERT INTO "user_state_task" VALUES('ref_101_fix',76);
INSERT INTO "user_state_task" VALUES('ref_106_fix',3);
INSERT INTO "user_state_task" VALUES('ref_100_fix',30);
COMMIT;
